programs,dataset,execution_time,execution_time_secs,ram_usage,ram_usage_Mb,cpu_usage
SEGUL,esselstyn_2021_nexus_trimmed,00:05.3,5.27,"603,044",603.044,146%
SEGUL,esselstyn_2021_nexus_trimmed,00:05.3,5.27,"601,660",601.660,149%
SEGUL,esselstyn_2021_nexus_trimmed,00:05.3,5.28,"601,924",601.924,149%
SEGUL,esselstyn_2021_nexus_trimmed,00:05.2,5.25,"602,216",602.216,146%
SEGUL,esselstyn_2021_nexus_trimmed,00:05.3,5.26,"603,376",603.376,153%
SEGUL,esselstyn_2021_nexus_trimmed,00:05.3,5.29,"606,380",606.380,149%
SEGUL,esselstyn_2021_nexus_trimmed,00:05.2,5.20,"603,144",603.144,149%
SEGUL,esselstyn_2021_nexus_trimmed,00:05.2,5.25,"602,932",602.932,151%
SEGUL,esselstyn_2021_nexus_trimmed,00:05.2,5.22,"602,420",602.420,144%
SEGUL,esselstyn_2021_nexus_trimmed,00:05.2,5.23,"597,288",597.288,144%
SEGUL,oliveros_2019_80p_trimmed,00:04.4,4.40,"656,672",656.672,161%
SEGUL,oliveros_2019_80p_trimmed,00:04.5,4.54,"655,700",655.700,167%
SEGUL,oliveros_2019_80p_trimmed,00:04.4,4.37,"654,952",654.952,168%
SEGUL,oliveros_2019_80p_trimmed,00:04.4,4.37,"654,220",654.220,167%
SEGUL,oliveros_2019_80p_trimmed,00:04.4,4.39,"656,464",656.464,165%
SEGUL,oliveros_2019_80p_trimmed,00:04.4,4.36,"657,636",657.636,172%
SEGUL,oliveros_2019_80p_trimmed,00:04.5,4.52,"658,844",658.844,166%
SEGUL,oliveros_2019_80p_trimmed,00:04.5,4.54,"655,640",655.640,177%
SEGUL,oliveros_2019_80p_trimmed,00:04.4,4.38,"655,032",655.032,173%
SEGUL,oliveros_2019_80p_trimmed,00:04.4,4.38,"655,656",655.656,163%
SEGUL,jarvis_2014_uce_filtered_w_gator,00:04.2,4.20,"485,060",485.060,173%
SEGUL,jarvis_2014_uce_filtered_w_gator,00:04.2,4.18,"493,252",493.252,164%
SEGUL,jarvis_2014_uce_filtered_w_gator,00:04.2,4.17,"492,252",492.252,167%
SEGUL,jarvis_2014_uce_filtered_w_gator,00:04.2,4.20,"493,608",493.608,178%
SEGUL,jarvis_2014_uce_filtered_w_gator,00:04.2,4.20,"493,336",493.336,171%
SEGUL,jarvis_2014_uce_filtered_w_gator,00:04.3,4.26,"487,492",487.492,169%
SEGUL,jarvis_2014_uce_filtered_w_gator,00:04.2,4.24,"492,756",492.756,169%
SEGUL,jarvis_2014_uce_filtered_w_gator,00:04.2,4.24,"487,884",487.884,164%
SEGUL,jarvis_2014_uce_filtered_w_gator,00:04.2,4.18,"487,136",487.136,167%
SEGUL,jarvis_2014_uce_filtered_w_gator,00:04.2,4.17,"488,532",488.532,170%
AMAS,esselstyn_2021_nexus_trimmed,00:24.1,24.12,"2,060,468","2,060.468",142%
AMAS,esselstyn_2021_nexus_trimmed,00:23.9,23.92,"2,060,400","2,060.400",144%
AMAS,esselstyn_2021_nexus_trimmed,00:23.8,23.80,"2,060,608","2,060.608",143%
AMAS,esselstyn_2021_nexus_trimmed,00:23.6,23.61,"2,060,828","2,060.828",144%
AMAS,esselstyn_2021_nexus_trimmed,00:24.5,24.54,"2,060,464","2,060.464",142%
AMAS,esselstyn_2021_nexus_trimmed,00:23.9,23.90,"2,060,472","2,060.472",144%
AMAS,esselstyn_2021_nexus_trimmed,00:23.7,23.72,"2,060,468","2,060.468",144%
AMAS,esselstyn_2021_nexus_trimmed,00:24.7,24.74,"2,060,472","2,060.472",141%
AMAS,esselstyn_2021_nexus_trimmed,00:23.9,23.86,"2,060,472","2,060.472",143%
AMAS,esselstyn_2021_nexus_trimmed,00:23.6,23.63,"2,060,476","2,060.476",144%
AMAS,oliveros_2019_80p_trimmed,00:26.0,26.04,"2,475,260","2,475.260",164%
AMAS,oliveros_2019_80p_trimmed,00:26.0,25.96,"2,475,264","2,475.264",165%
AMAS,oliveros_2019_80p_trimmed,00:25.6,25.60,"2,475,208","2,475.208",164%
AMAS,oliveros_2019_80p_trimmed,00:25.8,25.84,"2,475,236","2,475.236",165%
AMAS,oliveros_2019_80p_trimmed,00:26.0,26.01,"2,475,256","2,475.256",164%
AMAS,oliveros_2019_80p_trimmed,00:25.6,25.63,"2,475,208","2,475.208",165%
AMAS,oliveros_2019_80p_trimmed,00:25.6,25.58,"2,475,116","2,475.116",166%
AMAS,oliveros_2019_80p_trimmed,00:26.4,26.37,"2,475,208","2,475.208",162%
AMAS,oliveros_2019_80p_trimmed,00:25.8,25.81,"2,475,232","2,475.232",165%
AMAS,oliveros_2019_80p_trimmed,00:25.5,25.49,"2,475,208","2,475.208",165%
AMAS,jarvis_2014_uce_filtered_w_gator,00:18.8,18.77,"1,844,164","1,844.164",183%
AMAS,jarvis_2014_uce_filtered_w_gator,00:20.0,20.04,"1,843,772","1,843.772",179%
AMAS,jarvis_2014_uce_filtered_w_gator,00:21.0,21.03,"1,844,536","1,844.536",174%
AMAS,jarvis_2014_uce_filtered_w_gator,00:19.0,19.04,"1,843,872","1,843.872",185%
AMAS,jarvis_2014_uce_filtered_w_gator,00:19.3,19.34,"1,843,788","1,843.788",181%
AMAS,jarvis_2014_uce_filtered_w_gator,00:21.4,21.42,"1,845,016","1,845.016",173%
AMAS,jarvis_2014_uce_filtered_w_gator,00:18.3,18.32,"1,843,632","1,843.632",187%
AMAS,jarvis_2014_uce_filtered_w_gator,00:20.4,20.36,"1,843,920","1,843.920",177%
AMAS,jarvis_2014_uce_filtered_w_gator,00:18.8,18.78,"1,843,600","1,843.600",186%
AMAS,jarvis_2014_uce_filtered_w_gator,00:19.9,19.89,"1,843,632","1,843.632",179%
Phyluce,esselstyn_2021_nexus_trimmed,03:54.3,234.28,"13,486,308","13,486.308",100%
Phyluce,esselstyn_2021_nexus_trimmed,03:55.9,235.90,"13,480,252","13,480.252",100%
Phyluce,esselstyn_2021_nexus_trimmed,03:51.5,231.47,"13,480,172","13,480.172",100%
Phyluce,esselstyn_2021_nexus_trimmed,03:50.7,230.73,"13,480,544","13,480.544",100%
Phyluce,esselstyn_2021_nexus_trimmed,03:58.0,237.97,"13,488,304","13,488.304",100%
Phyluce,esselstyn_2021_nexus_trimmed,03:53.4,233.44,"13,500,040","13,500.040",100%
Phyluce,esselstyn_2021_nexus_trimmed,03:51.7,231.70,"13,496,004","13,496.004",100%
Phyluce,esselstyn_2021_nexus_trimmed,03:53.1,233.13,"13,494,508","13,494.508",100%
Phyluce,esselstyn_2021_nexus_trimmed,03:50.2,230.23,"13,488,736","13,488.736",100%
Phyluce,esselstyn_2021_nexus_trimmed,03:57.5,237.47,"13,500,588","13,500.588",100%
Phyluce,oliveros_2019_80p_trimmed,04:22.0,261.99,"6,508,132","6,508.132",100%
Phyluce,oliveros_2019_80p_trimmed,04:16.8,256.80,"6,508,788","6,508.788",100%
Phyluce,oliveros_2019_80p_trimmed,04:20.5,260.50,"6,508,264","6,508.264",100%
Phyluce,oliveros_2019_80p_trimmed,04:18.4,258.38,"6,506,688","6,506.688",100%
Phyluce,oliveros_2019_80p_trimmed,04:20.2,260.20,"6,509,404","6,509.404",100%
Phyluce,oliveros_2019_80p_trimmed,04:22.3,262.30,"6,505,652","6,505.652",100%
Phyluce,oliveros_2019_80p_trimmed,04:16.8,256.83,"6,509,500","6,509.500",100%
Phyluce,oliveros_2019_80p_trimmed,04:26.3,266.29,"6,507,124","6,507.124",100%
Phyluce,oliveros_2019_80p_trimmed,04:21.2,261.18,"6,509,392","6,509.392",100%
Phyluce,oliveros_2019_80p_trimmed,04:23.6,263.65,"6,508,028","6,508.028",100%
Phyluce,jarvis_2014_uce_filtered_w_gator,04:22.8,262.78,"20,661,916","20,661.916",100%
Phyluce,jarvis_2014_uce_filtered_w_gator,04:17.7,257.74,"20,616,868","20,616.868",100%
Phyluce,jarvis_2014_uce_filtered_w_gator,04:17.4,257.41,"20,658,812","20,658.812",100%
Phyluce,jarvis_2014_uce_filtered_w_gator,04:18.7,258.66,"20,646,228","20,646.228",100%
Phyluce,jarvis_2014_uce_filtered_w_gator,04:25.1,265.05,"20,629,016","20,629.016",100%
Phyluce,jarvis_2014_uce_filtered_w_gator,04:17.6,257.61,"20,619,840","20,619.840",100%
Phyluce,jarvis_2014_uce_filtered_w_gator,04:24.0,264.00,"20,627,032","20,627.032",100%
Phyluce,jarvis_2014_uce_filtered_w_gator,04:20.9,260.86,"20,618,756","20,618.756",100%
Phyluce,jarvis_2014_uce_filtered_w_gator,04:19.5,259.46,"20,635,164","20,635.164",100%
Phyluce,jarvis_2014_uce_filtered_w_gator,04:25.3,265.29,"20,593,224","20,593.224",100%
