Apps,Version,Pubs,Datasets,NTAX,Alignment_counts,Site_counts,Datatype,Analyses,Platform,OS_name,CPU,Benchmark_dates,Latest_bench,Execution_time,RAM_usage_kb,Percent_CPU_usage,Execution_time_secs,RAM_usage_Mb
SEGUL,v0.20.0,Wu et al. 2018,Wu et al. 2018 (AA),90,5162,3050198,AA,concat-fasta,Desktop,Linux,AMD Ryzen 9 5900X 12-Core Processor,01/31/2024,TRUE,0:01.55,343660,121,1.55,335.60547
SEGUL,v0.20.0,Wu et al. 2018,Wu et al. 2018 (AA),90,5162,3050198,AA,concat-fasta,Desktop,Linux,AMD Ryzen 9 5900X 12-Core Processor,01/31/2024,TRUE,0:01.55,342296,118,1.55,334.27344
SEGUL,v0.20.0,Wu et al. 2018,Wu et al. 2018 (AA),90,5162,3050198,AA,concat-fasta,Desktop,Linux,AMD Ryzen 9 5900X 12-Core Processor,01/31/2024,TRUE,0:01.55,338944,118,1.55,331
SEGUL,v0.20.0,Wu et al. 2018,Wu et al. 2018 (AA),90,5162,3050198,AA,concat-fasta,Desktop,Linux,AMD Ryzen 9 5900X 12-Core Processor,01/31/2024,TRUE,0:01.55,340368,123,1.55,332.39063
SEGUL,v0.20.0,Wu et al. 2018,Wu et al. 2018 (AA),90,5162,3050198,AA,concat-fasta,Desktop,Linux,AMD Ryzen 9 5900X 12-Core Processor,01/31/2024,TRUE,0:01.60,339796,121,1.6,331.83203
SEGUL,v0.20.0,Shen et al. 2018,Shen et al. 2018 (AA),343,2408,1162805,AA,concat-fasta,Desktop,Linux,AMD Ryzen 9 5900X 12-Core Processor,01/31/2024,TRUE,0:03.34,508160,118,3.34,496.25
SEGUL,v0.20.0,Shen et al. 2018,Shen et al. 2018 (AA),343,2408,1162805,AA,concat-fasta,Desktop,Linux,AMD Ryzen 9 5900X 12-Core Processor,01/31/2024,TRUE,0:03.28,508680,115,3.28,496.7578
SEGUL,v0.20.0,Shen et al. 2018,Shen et al. 2018 (AA),343,2408,1162805,AA,concat-fasta,Desktop,Linux,AMD Ryzen 9 5900X 12-Core Processor,01/31/2024,TRUE,0:03.35,507860,116,3.35,495.95703
SEGUL,v0.20.0,Shen et al. 2018,Shen et al. 2018 (AA),343,2408,1162805,AA,concat-fasta,Desktop,Linux,AMD Ryzen 9 5900X 12-Core Processor,01/31/2024,TRUE,0:03.28,507892,116,3.28,495.98828
SEGUL,v0.20.0,Shen et al. 2018,Shen et al. 2018 (AA),343,2408,1162805,AA,concat-fasta,Desktop,Linux,AMD Ryzen 9 5900X 12-Core Processor,01/31/2024,TRUE,0:03.28,507452,119,3.28,495.5586
SEGUL (--datatype ignore),v0.20.0,Wu et al. 2018,Wu et al. 2018 (AA),90,5162,3050198,AA,concat-fasta,Desktop,Linux,AMD Ryzen 9 5900X 12-Core Processor,01/31/2024,TRUE,0:00.45,343504,178,0.45,335.45313
SEGUL (--datatype ignore),v0.20.0,Wu et al. 2018,Wu et al. 2018 (AA),90,5162,3050198,AA,concat-fasta,Desktop,Linux,AMD Ryzen 9 5900X 12-Core Processor,01/31/2024,TRUE,0:00.45,343700,159,0.45,335.64453
SEGUL (--datatype ignore),v0.20.0,Wu et al. 2018,Wu et al. 2018 (AA),90,5162,3050198,AA,concat-fasta,Desktop,Linux,AMD Ryzen 9 5900X 12-Core Processor,01/31/2024,TRUE,0:00.44,341288,179,0.44,333.28906
SEGUL (--datatype ignore),v0.20.0,Wu et al. 2018,Wu et al. 2018 (AA),90,5162,3050198,AA,concat-fasta,Desktop,Linux,AMD Ryzen 9 5900X 12-Core Processor,01/31/2024,TRUE,0:00.44,341116,160,0.44,333.1211
SEGUL (--datatype ignore),v0.20.0,Wu et al. 2018,Wu et al. 2018 (AA),90,5162,3050198,AA,concat-fasta,Desktop,Linux,AMD Ryzen 9 5900X 12-Core Processor,01/31/2024,TRUE,0:00.45,341108,170,0.45,333.11328
SEGUL (--datatype ignore),v0.20.0,Shen et al. 2018,Shen et al. 2018 (AA),343,2408,1162805,AA,concat-fasta,Desktop,Linux,AMD Ryzen 9 5900X 12-Core Processor,01/31/2024,TRUE,0:00.68,506828,180,0.68,494.94922
SEGUL (--datatype ignore),v0.20.0,Shen et al. 2018,Shen et al. 2018 (AA),343,2408,1162805,AA,concat-fasta,Desktop,Linux,AMD Ryzen 9 5900X 12-Core Processor,01/31/2024,TRUE,0:00.69,504584,180,0.69,492.7578
SEGUL (--datatype ignore),v0.20.0,Shen et al. 2018,Shen et al. 2018 (AA),343,2408,1162805,AA,concat-fasta,Desktop,Linux,AMD Ryzen 9 5900X 12-Core Processor,01/31/2024,TRUE,0:00.68,506692,179,0.68,494.8164
SEGUL (--datatype ignore),v0.20.0,Shen et al. 2018,Shen et al. 2018 (AA),343,2408,1162805,AA,concat-fasta,Desktop,Linux,AMD Ryzen 9 5900X 12-Core Processor,01/31/2024,TRUE,0:00.70,505048,188,0.7,493.21094
SEGUL (--datatype ignore),v0.20.0,Shen et al. 2018,Shen et al. 2018 (AA),343,2408,1162805,AA,concat-fasta,Desktop,Linux,AMD Ryzen 9 5900X 12-Core Processor,01/31/2024,TRUE,0:00.71,506956,181,0.71,495.07422
AMAS,v1.02,Wu et al. 2018,Wu et al. 2018 (AA),90,5162,3050198,AA,concat-fasta,Desktop,Linux,AMD Ryzen 9 5900X 12-Core Processor,01/31/2024,TRUE,0:01.54,1171136,298,1.54,1143.6875
AMAS,v1.02,Wu et al. 2018,Wu et al. 2018 (AA),90,5162,3050198,AA,concat-fasta,Desktop,Linux,AMD Ryzen 9 5900X 12-Core Processor,01/31/2024,TRUE,0:01.56,1169364,279,1.56,1141.957
AMAS,v1.02,Wu et al. 2018,Wu et al. 2018 (AA),90,5162,3050198,AA,concat-fasta,Desktop,Linux,AMD Ryzen 9 5900X 12-Core Processor,01/31/2024,TRUE,0:01.54,1170324,293,1.54,1142.8945
AMAS,v1.02,Wu et al. 2018,Wu et al. 2018 (AA),90,5162,3050198,AA,concat-fasta,Desktop,Linux,AMD Ryzen 9 5900X 12-Core Processor,01/31/2024,TRUE,0:01.55,1169220,286,1.55,1141.8164
AMAS,v1.02,Wu et al. 2018,Wu et al. 2018 (AA),90,5162,3050198,AA,concat-fasta,Desktop,Linux,AMD Ryzen 9 5900X 12-Core Processor,01/31/2024,TRUE,0:01.52,1169676,287,1.52,1142.2617
AMAS,v1.02,Shen et al. 2018,Shen et al. 2018 (AA),343,2408,1162805,AA,concat-fasta,Desktop,Linux,AMD Ryzen 9 5900X 12-Core Processor,01/31/2024,TRUE,0:03.54,1779160,228,3.54,1737.4609
AMAS,v1.02,Shen et al. 2018,Shen et al. 2018 (AA),343,2408,1162805,AA,concat-fasta,Desktop,Linux,AMD Ryzen 9 5900X 12-Core Processor,01/31/2024,TRUE,0:03.44,1777832,243,3.44,1736.1641
AMAS,v1.02,Shen et al. 2018,Shen et al. 2018 (AA),343,2408,1162805,AA,concat-fasta,Desktop,Linux,AMD Ryzen 9 5900X 12-Core Processor,01/31/2024,TRUE,0:03.44,1778380,242,3.44,1736.6992
AMAS,v1.02,Shen et al. 2018,Shen et al. 2018 (AA),343,2408,1162805,AA,concat-fasta,Desktop,Linux,AMD Ryzen 9 5900X 12-Core Processor,01/31/2024,TRUE,0:03.52,1774732,247,3.52,1733.1367
AMAS,v1.02,Shen et al. 2018,Shen et al. 2018 (AA),343,2408,1162805,AA,concat-fasta,Desktop,Linux,AMD Ryzen 9 5900X 12-Core Processor,01/31/2024,TRUE,0:03.54,1777572,237,3.54,1735.9102
AMAS (--check-align),v1.02,Wu et al. 2018,Wu et al. 2018 (AA),90,5162,3050198,AA,concat-fasta,Desktop,Linux,AMD Ryzen 9 5900X 12-Core Processor,01/31/2024,TRUE,0:22.08,1172092,113,22.08,1144.6211
AMAS (--check-align),v1.02,Wu et al. 2018,Wu et al. 2018 (AA),90,5162,3050198,AA,concat-fasta,Desktop,Linux,AMD Ryzen 9 5900X 12-Core Processor,01/31/2024,TRUE,0:21.94,1169436,114,21.94,1142.0273
AMAS (--check-align),v1.02,Wu et al. 2018,Wu et al. 2018 (AA),90,5162,3050198,AA,concat-fasta,Desktop,Linux,AMD Ryzen 9 5900X 12-Core Processor,01/31/2024,TRUE,0:21.91,1169808,113,21.91,1142.3906
AMAS (--check-align),v1.02,Wu et al. 2018,Wu et al. 2018 (AA),90,5162,3050198,AA,concat-fasta,Desktop,Linux,AMD Ryzen 9 5900X 12-Core Processor,01/31/2024,TRUE,0:21.24,1169436,113,21.24,1142.0273
AMAS (--check-align),v1.02,Wu et al. 2018,Wu et al. 2018 (AA),90,5162,3050198,AA,concat-fasta,Desktop,Linux,AMD Ryzen 9 5900X 12-Core Processor,01/31/2024,TRUE,0:21.67,1171112,113,21.67,1143.6641
AMAS (--check-align),v1.02,Shen et al. 2018,Shen et al. 2018 (AA),343,2408,1162805,AA,concat-fasta,Desktop,Linux,AMD Ryzen 9 5900X 12-Core Processor,01/31/2024,TRUE,8:26.72,1778180,101,506.72,1736.5039
AMAS (--check-align),v1.02,Shen et al. 2018,Shen et al. 2018 (AA),343,2408,1162805,AA,concat-fasta,Desktop,Linux,AMD Ryzen 9 5900X 12-Core Processor,01/31/2024,TRUE,8:20.07,1778968,101,500.07,1737.2734
AMAS (--check-align),v1.02,Shen et al. 2018,Shen et al. 2018 (AA),343,2408,1162805,AA,concat-fasta,Desktop,Linux,AMD Ryzen 9 5900X 12-Core Processor,01/31/2024,TRUE,8:12.37,1778712,101,492.37,1737.0234
AMAS (--check-align),v1.02,Shen et al. 2018,Shen et al. 2018 (AA),343,2408,1162805,AA,concat-fasta,Desktop,Linux,AMD Ryzen 9 5900X 12-Core Processor,01/31/2024,TRUE,8:33.86,1774184,101,513.86,1732.6016
AMAS (--check-align),v1.02,Shen et al. 2018,Shen et al. 2018 (AA),343,2408,1162805,AA,concat-fasta,Desktop,Linux,AMD Ryzen 9 5900X 12-Core Processor,01/31/2024,TRUE,8:04.39,1778400,101,484.39,1736.7188
